AUC_OOF,Sensitivity,Specificity,Accuracy
0.6649999999999999,0.6,0.5,0.55
0.88,0.7,0.8,0.75
0.8775,0.75,0.75,0.75
0.89,0.75,0.75,0.75
0.8925,0.6,0.85,0.725
0.775,0.6,0.65,0.625
0.9375,0.6,0.9,0.75
0.6925,0.65,0.5,0.575
0.7725,0.75,0.6,0.675
0.8375,0.85,0.65,0.75
0.8075000000000001,0.6,0.65,0.625
0.9325,0.75,0.85,0.8
0.865,0.75,0.8,0.775
0.8625,0.75,0.7,0.725
0.83,0.85,0.6,0.725
0.7000000000000001,0.55,0.5,0.525
0.8325,0.65,0.65,0.65
0.9125,0.75,0.85,0.8
0.8200000000000001,0.7,0.8,0.75
0.85,0.65,0.75,0.7
0.7849999999999999,0.7,0.6,0.65
0.805,0.6,0.7,0.65
0.8175,0.7,0.75,0.725
0.75,0.8,0.5,0.65
0.8150000000000001,0.75,0.6,0.675
0.8325,0.7,0.75,0.725
0.88,0.8,0.7,0.75
0.765,0.7,0.55,0.625
0.9775,0.95,0.9,0.925
0.8175,0.7,0.75,0.725
0.775,0.6,0.65,0.625
0.815,0.8,0.6,0.7
0.895,0.75,0.75,0.75
0.89,0.8,0.7,0.75
0.76,0.75,0.55,0.65
0.8425,0.8,0.55,0.675
0.8425,0.75,0.75,0.75
0.785,0.8,0.65,0.725
0.825,0.8,0.55,0.675
0.9075000000000001,0.65,0.85,0.75
0.8675,0.65,0.75,0.7
0.7424999999999999,0.55,0.6,0.575
0.795,0.55,0.75,0.65
0.7675000000000001,0.65,0.65,0.65
0.8300000000000001,0.65,0.75,0.7
0.835,0.8,0.7,0.75
0.8975,0.8,0.75,0.775
0.7999999999999999,0.75,0.6,0.675
0.8125,0.7,0.8,0.75
0.9400000000000001,0.6,0.9,0.75
0.9025,0.65,0.95,0.8
0.8225,0.75,0.65,0.7
0.8675,0.75,0.8,0.775
0.7725,0.65,0.6,0.625
0.835,0.6,0.75,0.675
0.8175,0.5,0.8,0.65
0.8525,0.75,0.7,0.725
0.865,0.75,0.85,0.8
0.745,0.5,0.6,0.55
0.6874999999999999,0.75,0.35,0.55
0.755,0.6,0.65,0.625
0.905,0.8,0.8,0.8
0.8375,0.8,0.7,0.75
0.9,0.75,0.8,0.775
0.8200000000000001,0.6,0.85,0.725
0.71,0.6,0.7,0.65
0.7424999999999999,0.55,0.65,0.6
0.735,0.65,0.55,0.6
0.855,0.7,0.7,0.7
0.9225000000000001,0.9,0.75,0.825
0.835,0.6,0.7,0.65
0.845,0.6,0.8,0.7
0.8025,0.8,0.6,0.7
0.8200000000000001,0.8,0.7,0.75
0.6475,0.6,0.5,0.55
0.9025,0.85,0.9,0.875
0.7975,0.65,0.65,0.65
0.8575,0.7,0.8,0.75
0.8225,0.6,0.65,0.625
0.785,0.55,0.7,0.625
0.7749999999999999,0.7,0.5,0.6
0.8750000000000001,0.7,0.8,0.75
0.8800000000000001,0.6,0.85,0.725
0.88,0.85,0.7,0.775
0.7475,0.6,0.65,0.625
0.785,0.65,0.6,0.625
0.7649999999999999,0.65,0.7,0.675
0.93,0.8,0.8,0.8
0.8925,0.55,0.85,0.7
0.895,0.55,0.85,0.7
0.7775,0.8,0.6,0.7
0.85,0.8,0.65,0.725
0.8075,0.75,0.65,0.7
0.875,0.65,0.8,0.725
0.88,0.5,0.8,0.65
0.91,0.8,0.65,0.725
0.8074999999999999,0.5,0.8,0.65
0.9425,0.7,0.95,0.825
0.8400000000000001,0.7,0.75,0.725
0.845,0.75,0.75,0.75
0.795,0.65,0.65,0.65
0.8225,0.85,0.65,0.75
0.7525000000000001,0.75,0.65,0.7
0.815,0.7,0.75,0.725
0.9075000000000001,0.75,0.85,0.8
0.8375,0.8,0.7,0.75
0.8724999999999999,0.7,0.8,0.75
0.8975,0.8,0.8,0.8
0.8624999999999999,0.7,0.7,0.7
0.775,0.65,0.6,0.625
0.7599999999999999,0.7,0.6,0.65
0.8724999999999999,0.75,0.8,0.775
0.8,0.75,0.7,0.725
0.8775,0.7,0.8,0.75
0.7625000000000001,0.7,0.55,0.625
0.92,0.85,0.7,0.775
0.7075,0.65,0.55,0.6
0.7925,0.7,0.65,0.675
0.7625,0.5,0.65,0.575
0.8825,0.75,0.75,0.75
0.8274999999999999,0.65,0.8,0.725
0.9225,0.95,0.65,0.8
0.855,0.75,0.6,0.675
0.825,0.75,0.65,0.7
0.835,0.6,0.7,0.65
0.9,0.65,0.8,0.725
0.8525,0.6,0.75,0.675
0.915,0.85,0.75,0.8
0.665,0.7,0.45,0.575
0.835,0.65,0.8,0.725
0.9475,0.75,0.9,0.825
0.855,0.75,0.65,0.7
0.8999999999999999,0.85,0.75,0.8
0.8825,0.65,0.8,0.725
0.77,0.7,0.6,0.65
0.835,0.65,0.75,0.7
0.7675000000000001,0.6,0.7,0.65
0.8925,0.75,0.75,0.75
0.7575000000000001,0.8,0.55,0.675
0.8525,0.75,0.8,0.775
0.8275000000000001,0.8,0.65,0.725
0.77,0.6,0.65,0.625
0.6975,0.65,0.45,0.55
0.815,0.8,0.65,0.725
0.865,0.8,0.7,0.75
0.8474999999999999,0.6,0.75,0.675
0.915,0.8,0.85,0.825
0.8775,0.8,0.75,0.775
0.735,0.55,0.55,0.55
0.8125,0.55,0.7,0.625
0.75,0.65,0.7,0.675
0.865,0.7,0.8,0.75
0.9425,0.85,0.85,0.85
0.8425,0.75,0.7,0.725
0.8325,0.7,0.65,0.675
0.895,0.85,0.8,0.825
0.8374999999999999,0.6,0.8,0.7
0.9525,0.9,0.75,0.825
0.885,0.7,0.75,0.725
0.84,0.7,0.55,0.625
0.8025,0.7,0.75,0.725
0.86,0.8,0.75,0.775
0.905,0.75,0.9,0.825
0.89,0.8,0.75,0.775
0.7875,0.7,0.6,0.65
0.9475,0.65,0.95,0.8
0.6925,0.55,0.6,0.575
0.825,0.6,0.85,0.725
0.775,0.75,0.55,0.65
0.745,0.6,0.7,0.65
0.865,0.65,0.7,0.675
0.7550000000000001,0.65,0.7,0.675
0.715,0.7,0.6,0.65
0.7725,0.5,0.8,0.65
0.825,0.75,0.7,0.725
0.9049999999999999,0.8,0.85,0.825
0.76,0.65,0.65,0.65
0.845,0.7,0.75,0.725
0.8350000000000002,0.75,0.65,0.7
0.8225,0.7,0.7,0.7
0.9325,0.65,0.95,0.8
0.7325,0.5,0.7,0.6
0.77,0.75,0.7,0.725
0.77,0.65,0.55,0.6
0.8049999999999999,0.9,0.5,0.7
0.6975,0.65,0.45,0.55
0.8225,0.65,0.7,0.675
0.855,0.65,0.65,0.65
0.85,0.8,0.7,0.75
0.8475,0.85,0.55,0.7
0.795,0.65,0.7,0.675
0.82,0.6,0.8,0.7
0.8325,0.8,0.65,0.725
0.8275,0.7,0.7,0.7
0.8474999999999999,0.85,0.7,0.775
0.6775,0.45,0.6,0.525
0.8074999999999999,0.6,0.75,0.675
0.8374999999999999,0.8,0.75,0.775
0.7375,0.65,0.55,0.6
0.86,0.9,0.65,0.775
0.7375,0.5,0.6,0.55
0.8075,0.65,0.65,0.65
0.8274999999999999,0.6,0.8,0.7
0.8125,0.8,0.6,0.7
0.7949999999999999,0.55,0.7,0.625
0.835,0.6,0.75,0.675
0.7225,0.7,0.5,0.6
0.7225,0.65,0.5,0.575
0.7775,0.7,0.6,0.65
0.88,0.75,0.7,0.725
0.8600000000000001,0.65,0.75,0.7
0.845,0.65,0.85,0.75
0.8775,0.65,0.8,0.725
0.8450000000000001,0.7,0.65,0.675
0.81,0.75,0.6,0.675
0.895,0.85,0.75,0.8
0.8725,0.75,0.8,0.775
0.8675,0.6,0.9,0.75
0.8624999999999999,0.7,0.75,0.725
0.8675,0.8,0.65,0.725
0.7525000000000001,0.6,0.7,0.65
0.77,0.7,0.65,0.675
0.9149999999999999,0.85,0.8,0.825
0.8,0.75,0.65,0.7
0.8375,0.65,0.8,0.725
0.9025,0.8,0.75,0.775
0.8049999999999999,0.7,0.7,0.7
0.845,0.7,0.7,0.7
0.9275,0.75,0.85,0.8
0.8325,0.75,0.65,0.7
0.88,0.7,0.85,0.775
0.6825,0.55,0.55,0.55
0.7424999999999999,0.6,0.6,0.6
0.92,0.8,0.8,0.8
0.9325,0.8,0.9,0.85
0.865,0.7,0.8,0.75
0.8125,0.7,0.6,0.65
0.8875000000000001,0.7,0.9,0.8
0.8725,0.8,0.6,0.7
0.8325,0.6,0.7,0.65
0.8375,0.75,0.65,0.7
0.88,0.7,0.8,0.75
0.7275,0.65,0.45,0.55
0.7725,0.7,0.55,0.625
0.7374999999999999,0.55,0.5,0.525
0.745,0.65,0.65,0.65
0.89,0.65,0.85,0.75
0.84,0.65,0.75,0.7
0.88,0.9,0.8,0.85
0.78,0.7,0.65,0.675
0.7325,0.65,0.65,0.65
0.88,0.7,0.85,0.775
0.6775,0.55,0.65,0.6
0.8175,0.65,0.7,0.675
0.8875000000000001,0.8,0.75,0.775
0.8400000000000001,0.7,0.75,0.725
0.875,0.55,0.85,0.7
0.9325,0.75,0.9,0.825
0.7525,0.45,0.7,0.575
0.835,0.6,0.75,0.675
0.825,0.5,0.75,0.625
0.7949999999999999,0.65,0.7,0.675
0.8474999999999999,0.75,0.8,0.775
0.86,0.7,0.8,0.75
0.76,0.7,0.6,0.65
0.8949999999999999,0.65,0.85,0.75
0.8975,0.8,0.7,0.75
0.8225,0.7,0.7,0.7
0.89,0.6,0.9,0.75
0.7925,0.75,0.55,0.65
0.8200000000000001,0.75,0.55,0.65
0.855,0.65,0.8,0.725
0.8725,0.8,0.8,0.8
0.8550000000000001,0.65,0.75,0.7
0.855,0.7,0.7,0.7
0.915,0.8,0.7,0.75
0.86,0.85,0.65,0.75
0.7075,0.45,0.65,0.55
0.845,0.7,0.85,0.775
0.7075,0.8,0.45,0.625
0.91,0.75,0.75,0.75
0.835,0.7,0.75,0.725
0.795,0.7,0.65,0.675
0.9075000000000001,0.8,0.8,0.8
0.9,0.8,0.75,0.775
0.9525,0.8,0.8,0.8
0.7575,0.7,0.55,0.625
0.79,0.65,0.6,0.625
0.9425,0.8,0.8,0.8
0.8775,0.85,0.6,0.725
0.79,0.9,0.45,0.675
0.9175000000000001,0.75,0.8,0.775
0.87,0.7,0.75,0.725
0.8925000000000001,0.9,0.6,0.75
0.7849999999999999,0.55,0.7,0.625
0.805,0.65,0.6,0.625
0.66,0.6,0.5,0.55
0.8075,0.75,0.75,0.75
0.79,0.6,0.7,0.65
0.7775,0.65,0.7,0.675
0.9425,0.85,0.8,0.825
0.875,0.75,0.8,0.775
0.8875,0.65,0.85,0.75
0.8150000000000001,0.65,0.6,0.625
0.755,0.6,0.65,0.625
0.895,0.8,0.7,0.75
0.8525,0.8,0.65,0.725
0.8775,0.8,0.75,0.775
0.89,0.85,0.65,0.75
0.8225,0.65,0.7,0.675
0.6799999999999999,0.65,0.5,0.575
0.8225,0.7,0.75,0.725
0.9099999999999999,0.8,0.7,0.75
0.7975,0.6,0.6,0.6
0.8875,0.8,0.75,0.775
0.7475,0.6,0.6,0.6
0.9400000000000001,0.85,0.8,0.825
0.8600000000000001,0.7,0.8,0.75
0.8425,0.75,0.6,0.675
0.805,0.6,0.7,0.65
0.86,0.7,0.75,0.725
0.8125,0.6,0.8,0.7
0.7775,0.65,0.65,0.65
0.8425,0.8,0.65,0.725
0.7849999999999999,0.6,0.7,0.65
0.835,0.75,0.6,0.675
0.8425,0.75,0.75,0.75
0.9025000000000001,0.7,0.85,0.775
0.835,0.75,0.75,0.75
0.8275,0.7,0.75,0.725
0.7975000000000001,0.8,0.6,0.7
0.7775,0.5,0.7,0.6
0.9349999999999999,0.7,0.9,0.8
0.7725000000000001,0.65,0.65,0.65
0.7875000000000001,0.7,0.7,0.7
0.76,0.7,0.5,0.6
0.8125,0.65,0.8,0.725
0.85,0.6,0.8,0.7
0.79,0.45,0.85,0.65
0.9574999999999999,0.6,0.95,0.775
0.72,0.75,0.55,0.65
0.78,0.7,0.5,0.6
0.7525000000000001,0.6,0.7,0.65
0.8674999999999999,0.75,0.7,0.725
0.87,0.55,0.75,0.65
0.73,0.7,0.6,0.65
0.8775000000000001,0.65,0.75,0.7
0.6875,0.8,0.4,0.6
0.8,0.7,0.75,0.725
0.7775,0.5,0.7,0.6
0.885,0.85,0.7,0.775
0.9400000000000001,0.9,0.85,0.875
0.7525000000000001,0.65,0.7,0.675
0.8400000000000001,0.75,0.7,0.725
0.79,0.7,0.65,0.675
0.7675000000000001,0.7,0.6,0.65
0.825,0.75,0.6,0.675
0.8175,0.65,0.7,0.675
0.8,0.7,0.55,0.625
0.875,0.65,0.75,0.7
0.7974999999999999,0.7,0.65,0.675
0.895,0.65,0.85,0.75
0.925,0.8,0.85,0.825
0.8325,0.8,0.7,0.75
0.885,0.8,0.55,0.675
0.9125,0.65,0.85,0.75
0.78,0.65,0.75,0.7
0.9125000000000001,0.75,0.85,0.8
0.8275,0.6,0.75,0.675
0.78,0.65,0.75,0.7
0.8350000000000001,0.8,0.55,0.675
0.8475,0.65,0.8,0.725
0.7825,0.6,0.75,0.675
0.795,0.85,0.55,0.7
0.8574999999999999,0.85,0.65,0.75
0.8574999999999999,0.75,0.75,0.75
0.815,0.7,0.65,0.675
0.825,0.7,0.65,0.675
0.8025,0.6,0.75,0.675
0.8049999999999999,0.6,0.65,0.625
0.8175,0.75,0.65,0.7
0.765,0.55,0.65,0.6
0.8825000000000001,0.7,0.85,0.775
0.7925000000000001,0.6,0.7,0.65
0.85,0.75,0.75,0.75
0.7324999999999999,0.55,0.75,0.65
0.855,0.65,0.7,0.675
0.7075,0.6,0.6,0.6
0.8275,0.7,0.6,0.65
0.6725,0.65,0.55,0.6
0.7925,0.65,0.75,0.7
0.8375,0.6,0.8,0.7
0.9,0.75,0.85,0.8
0.8724999999999999,0.7,0.8,0.75
0.79,0.75,0.6,0.675
0.78,0.65,0.55,0.6
0.8725,0.65,0.8,0.725
0.9075,0.75,0.85,0.8
0.75,0.65,0.65,0.65
0.835,0.5,0.85,0.675
0.8125,0.7,0.55,0.625
0.85,0.75,0.6,0.675
0.74,0.75,0.6,0.675
0.8400000000000001,0.6,0.85,0.725
0.7275,0.6,0.55,0.575
0.8575,0.75,0.65,0.7
0.895,0.65,0.85,0.75
0.7775000000000001,0.65,0.7,0.675
0.7675000000000001,0.55,0.7,0.625
0.875,0.65,0.8,0.725
0.8500000000000001,0.8,0.5,0.65
0.8875,0.8,0.8,0.8
0.9099999999999999,0.85,0.85,0.85
0.7925,0.5,0.7,0.6
0.7575,0.6,0.7,0.65
0.9075,0.75,0.8,0.775
0.8300000000000001,0.7,0.75,0.725
0.7675,0.5,0.7,0.6
0.975,0.8,0.95,0.875
0.74,0.45,0.75,0.6
0.8725,0.75,0.85,0.8
0.9600000000000001,0.9,0.8,0.85
0.8025,0.75,0.6,0.675
0.89,0.85,0.65,0.75
0.79,0.75,0.6,0.675
0.8875000000000001,0.65,0.9,0.775
0.8724999999999999,0.85,0.6,0.725
0.7825000000000001,0.75,0.65,0.7
0.8125,0.75,0.7,0.725
0.8975000000000001,0.65,0.95,0.8
0.7025,0.6,0.75,0.675
0.8025,0.6,0.65,0.625
0.7774999999999999,0.7,0.6,0.65
0.8875,0.8,0.6,0.7
0.8575,0.65,0.75,0.7
0.8825,0.75,0.8,0.775
0.8074999999999999,0.75,0.65,0.7
0.8425,0.75,0.75,0.75
0.7425,0.6,0.55,0.575
0.89,0.65,0.8,0.725
0.955,0.8,0.9,0.85
0.8075,0.75,0.55,0.65
0.8524999999999999,0.75,0.7,0.725
0.7875,0.6,0.75,0.675
0.8175,0.9,0.6,0.75
0.8425,0.8,0.6,0.7
0.7975,0.75,0.5,0.625
0.8799999999999999,0.95,0.7,0.825
0.9225,0.8,0.75,0.775
0.7975000000000001,0.7,0.65,0.675
0.8325,0.75,0.85,0.8
0.8375,0.7,0.75,0.725
0.8625,0.65,0.8,0.725
0.86,0.7,0.7,0.7
0.7725,0.6,0.6,0.6
0.7625000000000001,0.6,0.65,0.625
0.9075000000000001,0.8,0.85,0.825
0.855,0.75,0.7,0.725
0.8575,0.65,0.8,0.725
0.7799999999999999,0.55,0.75,0.65
0.8275,0.8,0.65,0.725
0.845,0.8,0.75,0.775
0.8049999999999999,0.65,0.65,0.65
0.8275,0.4,0.75,0.575
0.84,0.75,0.65,0.7
0.89,0.75,0.6,0.675
0.8049999999999999,0.8,0.55,0.675
0.775,0.6,0.65,0.625
0.9025,0.55,0.9,0.725
0.8875,0.75,0.8,0.775
0.79,0.75,0.6,0.675
0.68,0.45,0.65,0.55
0.8125,0.8,0.6,0.7
0.89,0.75,0.8,0.775
0.8525,0.55,0.75,0.65
0.9275000000000001,0.7,0.85,0.775
0.8325,0.75,0.75,0.75
0.9149999999999999,0.7,0.85,0.775
0.725,0.65,0.55,0.6
0.8975,0.85,0.8,0.825
0.855,0.55,0.8,0.675
0.66,0.45,0.65,0.55
0.7975,0.7,0.55,0.625
0.9075,0.7,0.8,0.75
0.7625,0.75,0.7,0.725
0.77,0.6,0.65,0.625
0.735,0.5,0.75,0.625
0.7125,0.55,0.65,0.6
0.7275,0.65,0.55,0.6
0.7725,0.55,0.75,0.65
0.9325,0.65,0.85,0.75
0.855,0.75,0.75,0.75
0.88,0.7,0.8,0.75
0.91,0.65,0.85,0.75
0.91,0.85,0.8,0.825
0.72,0.65,0.6,0.625
0.825,0.6,0.75,0.675
0.795,0.65,0.6,0.625
0.8125,0.85,0.55,0.7
0.8450000000000001,0.7,0.7,0.7
0.805,0.6,0.7,0.65
0.8825000000000001,0.85,0.7,0.775
0.81,0.65,0.8,0.725
0.9025000000000001,0.7,0.85,0.775
0.7225,0.65,0.5,0.575
0.6749999999999999,0.6,0.6,0.6
0.8574999999999999,0.8,0.75,0.775
0.7949999999999999,0.8,0.6,0.7
0.76,0.75,0.6,0.675
0.935,0.8,0.85,0.825
0.7825,0.7,0.65,0.675
0.8825,0.65,0.8,0.725
0.73,0.6,0.55,0.575
0.7825,0.7,0.6,0.65
0.9125,0.85,0.9,0.875
0.705,0.4,0.7,0.55
0.7575,0.6,0.6,0.6
0.8575,0.75,0.75,0.75
0.8075,0.65,0.75,0.7
0.8725,0.8,0.6,0.7
0.6925,0.55,0.6,0.575
0.925,0.55,0.9,0.725
0.7775,0.65,0.7,0.675
0.8799999999999999,0.75,0.7,0.725
0.8775,0.75,0.75,0.75
0.815,0.75,0.6,0.675
0.7925,0.7,0.55,0.625
0.7725,0.7,0.65,0.675
0.815,0.45,0.75,0.6
0.8325,0.75,0.75,0.75
0.9125,0.9,0.7,0.8
0.8825,0.75,0.75,0.75
0.8425,0.6,0.75,0.675
0.815,0.7,0.65,0.675
0.815,0.65,0.7,0.675
0.7425000000000002,0.75,0.65,0.7
0.9025,0.7,0.85,0.775
0.9225,0.75,0.9,0.825
0.8075000000000001,0.7,0.7,0.7
0.9225000000000001,0.9,0.8,0.85
0.7350000000000001,0.4,0.65,0.525
0.87,0.75,0.7,0.725
0.765,0.75,0.5,0.625
0.83,0.75,0.7,0.725
0.75,0.65,0.65,0.65
0.8125,0.7,0.7,0.7
0.8075,0.65,0.75,0.7
0.8300000000000001,0.75,0.7,0.725
0.8425,0.8,0.65,0.725
0.765,0.8,0.75,0.775
0.9125,0.65,0.9,0.775
0.9025,0.75,0.8,0.775
0.835,0.8,0.6,0.7
0.8875000000000001,0.75,0.75,0.75
0.9225,0.9,0.6,0.75
0.8525,0.8,0.75,0.775
0.7925,0.6,0.65,0.625
0.805,0.65,0.7,0.675
0.8474999999999999,0.85,0.55,0.7
0.8425,0.75,0.7,0.725
0.735,0.7,0.6,0.65
0.9075,0.8,0.8,0.8
0.795,0.5,0.7,0.6
0.9299999999999999,0.7,0.95,0.825
0.845,0.65,0.7,0.675
0.75,0.75,0.55,0.65
0.8425,0.7,0.7,0.7
0.8574999999999999,0.55,0.75,0.65
0.8275,0.7,0.7,0.7
0.9225,0.85,0.8,0.825
0.8075,0.6,0.8,0.7
0.755,0.75,0.5,0.625
0.7825,0.7,0.55,0.625
0.8200000000000001,0.65,0.7,0.675
0.7575,0.5,0.75,0.625
0.825,0.9,0.55,0.725
0.8400000000000001,0.65,0.7,0.675
0.7875,0.6,0.7,0.65
0.805,0.65,0.7,0.675
0.78,0.85,0.6,0.725
0.7775,0.75,0.5,0.625
0.8475,0.75,0.75,0.75
0.9349999999999999,0.95,0.75,0.85
0.86,0.85,0.65,0.75
0.845,0.7,0.75,0.725
0.9400000000000001,0.8,0.85,0.825
0.8575,0.75,0.7,0.725
0.76,0.8,0.6,0.7
0.815,0.6,0.65,0.625
0.82,0.7,0.55,0.625
0.8375,0.55,0.7,0.625
0.7675000000000001,0.6,0.55,0.575
0.8674999999999999,0.7,0.75,0.725
0.8825,0.8,0.65,0.725
0.78,0.5,0.7,0.6
0.8325,0.75,0.7,0.725
0.8125,0.75,0.65,0.7
0.8175000000000001,0.85,0.6,0.725
0.9175,0.85,0.75,0.8
0.85,0.5,0.8,0.65
0.7575000000000001,0.6,0.65,0.625
0.7875000000000001,0.7,0.6,0.65
0.8524999999999999,0.75,0.7,0.725
0.7899999999999999,0.8,0.45,0.625
0.885,0.75,0.7,0.725
0.8425,0.65,0.8,0.725
0.845,0.6,0.75,0.675
0.7849999999999999,0.65,0.65,0.65
0.9349999999999999,0.65,0.9,0.775
0.8925,0.8,0.8,0.8
0.7975,0.65,0.7,0.675
0.855,0.7,0.8,0.75
0.8724999999999999,0.65,0.8,0.725
0.8200000000000001,0.65,0.7,0.675
0.8425,0.65,0.65,0.65
0.7975000000000001,0.8,0.7,0.75
0.7274999999999999,0.65,0.6,0.625
0.865,0.8,0.75,0.775
0.8425,0.65,0.7,0.675
0.8025,0.7,0.6,0.65
0.9,0.8,0.75,0.775
0.84,0.8,0.75,0.775
0.79,0.7,0.8,0.75
0.8875,0.75,0.65,0.7
0.9225,0.85,0.8,0.825
0.8075,0.6,0.75,0.675
0.8475,0.65,0.7,0.675
0.7275,0.65,0.55,0.6
0.785,0.55,0.85,0.7
0.7174999999999999,0.6,0.6,0.6
0.8875000000000001,0.75,0.8,0.775
0.78,0.5,0.8,0.65
0.79,0.8,0.55,0.675
0.8775,0.8,0.7,0.75
0.8325,0.8,0.7,0.75
0.875,0.8,0.8,0.8
0.8325,0.7,0.65,0.675
0.8025,0.8,0.65,0.725
0.7875,0.7,0.65,0.675
0.74,0.55,0.7,0.625
0.7725,0.7,0.65,0.675
0.74,0.6,0.45,0.525
0.93,0.75,0.85,0.8
0.825,0.6,0.75,0.675
0.8525,0.65,0.75,0.7
0.7925,0.75,0.6,0.675
0.895,0.7,0.85,0.775
0.8075000000000001,0.75,0.7,0.725
0.845,0.8,0.65,0.725
0.825,0.75,0.65,0.7
0.8575,0.75,0.7,0.725
0.84,0.65,0.7,0.675
0.79,0.7,0.65,0.675
0.77,0.65,0.6,0.625
0.7925,0.7,0.65,0.675
0.895,0.55,0.85,0.7
0.7875,0.65,0.55,0.6
0.8150000000000001,0.75,0.65,0.7
0.8350000000000001,0.8,0.7,0.75
0.8200000000000001,0.6,0.7,0.65
0.7949999999999999,0.6,0.7,0.65
0.7625,0.8,0.5,0.65
0.88,0.75,0.7,0.725
0.7475,0.7,0.65,0.675
0.795,0.7,0.7,0.7
0.795,0.85,0.5,0.675
0.8200000000000001,0.65,0.6,0.625
0.8425,0.7,0.6,0.65
0.845,0.75,0.5,0.625
0.79,0.6,0.7,0.65
0.705,0.8,0.55,0.675
0.88,0.85,0.7,0.775
0.8775,0.95,0.55,0.75
0.67,0.55,0.5,0.525
0.8075,0.65,0.65,0.65
0.7625,0.7,0.65,0.675
0.8225,0.85,0.55,0.7
0.785,0.7,0.5,0.6
0.7725000000000001,0.8,0.55,0.675
0.8325,0.7,0.7,0.7
0.81,0.65,0.65,0.65
0.865,0.8,0.65,0.725
0.7025,0.7,0.6,0.65
0.9425,0.8,0.85,0.825
0.7725,0.75,0.65,0.7
0.9,0.6,0.85,0.725
0.9175,0.85,0.85,0.85
0.9025,0.75,0.8,0.775
0.84,0.75,0.75,0.75
0.8200000000000001,0.65,0.7,0.675
0.9225,0.75,0.9,0.825
0.935,0.85,0.9,0.875
0.8475,0.6,0.85,0.725
0.9025,0.55,0.95,0.75
0.7975,0.75,0.45,0.6
0.8175,0.8,0.65,0.725
0.855,0.7,0.75,0.725
0.7875,0.6,0.7,0.65
0.8425,0.8,0.7,0.75
0.8625,0.7,0.8,0.75
0.7849999999999999,0.7,0.65,0.675
0.7124999999999999,0.55,0.6,0.575
0.9075000000000001,0.85,0.7,0.775
0.8099999999999999,0.75,0.65,0.7
0.7474999999999999,0.75,0.35,0.55
0.8424999999999999,0.75,0.65,0.7
0.8550000000000001,0.7,0.75,0.725
0.765,0.6,0.75,0.675
0.76,0.65,0.65,0.65
0.9,0.7,0.9,0.8
0.7925000000000001,0.7,0.65,0.675
0.8475000000000001,0.75,0.7,0.725
0.8524999999999999,0.7,0.7,0.7
0.905,0.8,0.8,0.8
0.755,0.7,0.5,0.6
0.7849999999999999,0.7,0.6,0.65
0.9025,0.85,0.75,0.8
0.7875,0.8,0.65,0.725
0.825,0.55,0.7,0.625
0.8049999999999999,0.7,0.7,0.7
0.835,0.8,0.55,0.675
0.825,0.75,0.65,0.7
0.7775,0.7,0.6,0.65
0.8375,0.8,0.75,0.775
0.87,0.9,0.7,0.8
0.88,0.8,0.8,0.8
0.905,0.6,0.9,0.75
0.8025,0.7,0.65,0.675
0.8350000000000001,0.8,0.75,0.775
0.8075,0.75,0.65,0.7
0.825,0.65,0.75,0.7
0.8675,0.8,0.8,0.8
0.8825000000000001,0.8,0.85,0.825
0.87,0.75,0.75,0.75
0.8325,0.8,0.55,0.675
0.7474999999999999,0.5,0.65,0.575
0.9025000000000001,0.85,0.75,0.8
0.735,0.65,0.45,0.55
0.865,0.75,0.8,0.775
0.8624999999999999,0.75,0.75,0.75
0.8725,0.6,0.7,0.65
0.8724999999999999,0.8,0.6,0.7
0.8725,0.75,0.75,0.75
0.8274999999999999,0.7,0.65,0.675
0.815,0.7,0.75,0.725
0.7525000000000001,0.7,0.65,0.675
0.87,0.65,0.75,0.7
0.8525,0.55,0.85,0.7
0.8574999999999999,0.8,0.8,0.8
0.875,0.8,0.7,0.75
0.8425,0.65,0.7,0.675
0.8025,0.75,0.55,0.65
0.955,0.95,0.85,0.9
0.7975,0.5,0.75,0.625
0.8425,0.75,0.65,0.7
0.785,0.55,0.65,0.6
0.77,0.55,0.75,0.65
0.8649999999999999,0.65,0.85,0.75
0.795,0.65,0.65,0.65
0.92,0.85,0.8,0.825
0.8775000000000001,0.75,0.75,0.75
0.7675000000000001,0.75,0.6,0.675
0.715,0.45,0.65,0.55
0.7725,0.7,0.65,0.675
0.855,0.65,0.75,0.7
0.885,0.75,0.85,0.8
0.8875000000000001,0.65,0.9,0.775
0.8825,0.6,0.8,0.7
0.775,0.65,0.65,0.65
0.8099999999999999,0.75,0.65,0.7
0.7525,0.7,0.6,0.65
0.8049999999999999,0.65,0.7,0.675
0.9075,0.75,0.85,0.8
0.6575,0.4,0.65,0.525
0.8200000000000001,0.7,0.7,0.7
0.8300000000000001,0.8,0.6,0.7
0.9525,0.85,0.85,0.85
0.8825000000000001,0.7,0.8,0.75
0.85,0.75,0.75,0.75
0.85,0.8,0.7,0.75
0.87,0.7,0.75,0.725
0.8375,0.8,0.65,0.725
0.8550000000000001,0.6,0.8,0.7
0.86,0.8,0.65,0.725
0.8325,0.5,0.85,0.675
0.835,0.5,0.85,0.675
0.8375,0.55,0.75,0.65
0.9249999999999999,0.85,0.75,0.8
0.7575000000000001,0.75,0.55,0.65
0.775,0.7,0.65,0.675
0.7875000000000001,0.7,0.65,0.675
0.69,0.65,0.55,0.6
0.7799999999999999,0.7,0.6,0.65
0.745,0.6,0.6,0.6
0.7775000000000001,0.75,0.65,0.7
0.92,0.85,0.85,0.85
0.6375,0.5,0.5,0.5
0.7975,0.65,0.65,0.65
0.755,0.6,0.65,0.625
0.8625,0.75,0.7,0.725
0.7649999999999999,0.75,0.6,0.675
0.7175,0.65,0.6,0.625
0.84,0.75,0.7,0.725
0.88,0.75,0.75,0.75
0.8125,0.8,0.65,0.725
0.88,0.8,0.7,0.75
0.6975,0.5,0.6,0.55
0.875,0.65,0.8,0.725
0.865,0.8,0.8,0.8
0.8325,0.65,0.75,0.7
0.8025,0.65,0.75,0.7
0.8099999999999999,0.75,0.7,0.725
0.8275,0.65,0.85,0.75
0.905,0.85,0.8,0.825
0.79,0.65,0.6,0.625
0.835,0.5,0.75,0.625
0.9050000000000001,0.75,0.8,0.775
0.895,0.55,0.85,0.7
0.7699999999999999,0.65,0.55,0.6
0.8225,0.7,0.65,0.675
0.8025,0.85,0.6,0.725
0.7474999999999999,0.75,0.45,0.6
0.885,0.8,0.65,0.725
0.745,0.5,0.65,0.575
0.7825,0.75,0.5,0.625
0.77,0.75,0.55,0.65
0.87,0.75,0.7,0.725
0.9075,0.7,0.8,0.75
0.775,0.8,0.65,0.725
0.8475,0.75,0.7,0.725
0.8725,0.8,0.7,0.75
0.765,0.45,0.65,0.55
0.9,0.7,0.85,0.775
0.795,0.65,0.75,0.7
0.85,0.85,0.7,0.775
0.7749999999999999,0.75,0.6,0.675
0.88,0.7,0.8,0.75
0.8174999999999999,0.65,0.65,0.65
0.8324999999999999,0.7,0.6,0.65
0.87,0.75,0.7,0.725
0.8175,0.7,0.7,0.7
0.7325,0.75,0.6,0.675
0.7575000000000001,0.7,0.65,0.675
0.8825,0.6,0.85,0.725
0.88,0.7,0.75,0.725
0.875,0.65,0.75,0.7
0.8274999999999999,0.65,0.8,0.725
0.64,0.55,0.45,0.5
0.8225,0.7,0.65,0.675
0.82,0.75,0.75,0.75
0.8225,0.7,0.8,0.75
0.8574999999999999,0.8,0.7,0.75
0.9025000000000001,0.85,0.65,0.75
0.7424999999999999,0.65,0.65,0.65
0.625,0.5,0.55,0.525
0.835,0.7,0.7,0.7
0.85,0.7,0.7,0.7
0.76,0.4,0.8,0.6
0.77,0.65,0.65,0.65
0.7549999999999999,0.75,0.55,0.65
0.7525,0.7,0.6,0.65
0.7849999999999999,0.7,0.6,0.65
0.8625,0.7,0.8,0.75
0.8425,0.7,0.7,0.7
0.7975,0.7,0.65,0.675
0.88,0.9,0.75,0.825
0.835,0.75,0.6,0.675
0.8675,0.7,0.7,0.7
0.87,0.65,0.75,0.7
0.89,0.6,0.8,0.7
0.825,0.8,0.65,0.725
0.89,0.7,0.8,0.75
0.8925,0.75,0.75,0.75
0.855,0.8,0.7,0.75
0.7825,0.7,0.65,0.675
0.7925,0.55,0.75,0.65
0.86,0.7,0.85,0.775
0.77,0.6,0.7,0.65
0.7675000000000001,0.55,0.65,0.6
0.825,0.85,0.6,0.725
0.7975,0.65,0.65,0.65
0.765,0.7,0.55,0.625
0.8325,0.7,0.7,0.7
0.8625,0.55,0.8,0.675
0.78,0.6,0.7,0.65
0.78,0.75,0.6,0.675
0.7575000000000001,0.55,0.75,0.65
0.7975,0.65,0.6,0.625
0.8825,0.8,0.8,0.8
0.9149999999999999,0.85,0.65,0.75
0.75,0.75,0.5,0.625
0.8049999999999999,0.7,0.6,0.65
0.715,0.65,0.6,0.625
0.8174999999999999,0.85,0.6,0.725
0.785,0.75,0.7,0.725
0.9049999999999999,0.75,0.75,0.75
0.8125,0.65,0.75,0.7
0.7725,0.65,0.6,0.625
0.845,0.7,0.65,0.675
0.765,0.7,0.65,0.675
0.7075000000000001,0.55,0.45,0.5
0.89,0.8,0.75,0.775
0.7975000000000001,0.7,0.65,0.675
0.885,0.8,0.8,0.8
0.88,0.8,0.7,0.75
0.81,0.75,0.65,0.7
0.74,0.5,0.6,0.55
0.8825000000000001,0.65,0.85,0.75
0.755,0.55,0.65,0.6
0.7575000000000001,0.7,0.6,0.65
0.86,0.7,0.7,0.7
0.8150000000000001,0.6,0.7,0.65
0.855,0.55,0.85,0.7
0.8075,0.65,0.7,0.675
0.915,0.8,0.8,0.8
0.8374999999999999,0.8,0.65,0.725
0.86,0.65,0.8,0.725
0.79,0.65,0.65,0.65
0.78,0.75,0.65,0.7
0.8125,0.75,0.75,0.75
0.94,0.9,0.75,0.825
0.7999999999999999,0.6,0.7,0.65
0.7474999999999999,0.65,0.55,0.6
0.7825,0.6,0.65,0.625
0.8650000000000001,0.85,0.7,0.775
0.915,0.85,0.75,0.8
0.855,0.75,0.65,0.7
0.79,0.65,0.8,0.725
0.7775,0.65,0.65,0.65
0.8425,0.65,0.7,0.675
0.9,0.75,0.75,0.75
0.8225,0.65,0.65,0.65
0.9275,0.85,0.75,0.8
0.7875,0.75,0.55,0.65
0.7975,0.5,0.85,0.675
0.8675,0.6,0.75,0.675
0.83,0.65,0.7,0.675
0.6925,0.5,0.55,0.525
0.6325,0.55,0.55,0.55
0.7299999999999999,0.65,0.5,0.575
0.8524999999999999,0.65,0.85,0.75
0.8150000000000001,0.75,0.6,0.675
0.7725,0.7,0.65,0.675
0.84,0.65,0.75,0.7
0.8200000000000001,0.6,0.7,0.65
0.7575000000000001,0.5,0.7,0.6
0.7699999999999999,0.6,0.6,0.6
0.8925,0.65,0.85,0.75
0.8925,0.8,0.75,0.775
0.7775,0.5,0.75,0.625
0.6900000000000001,0.6,0.55,0.575
0.895,0.75,0.8,0.775
0.8175,0.5,0.75,0.625
0.8475,0.65,0.65,0.65
0.8375,0.75,0.65,0.7
0.805,0.9,0.6,0.75
0.8024999999999999,0.7,0.7,0.7
0.875,0.8,0.75,0.775
0.78,0.55,0.7,0.625
0.8075,0.7,0.65,0.675
0.89,0.8,0.8,0.8
0.6425,0.55,0.5,0.525
0.875,0.85,0.6,0.725
0.885,0.65,0.85,0.75
0.8600000000000001,0.65,0.75,0.7
0.7150000000000001,0.65,0.5,0.575
0.7525,0.6,0.7,0.65
0.7675000000000001,0.75,0.5,0.625
0.7999999999999999,0.6,0.75,0.675
0.9,0.85,0.8,0.825
0.7775,0.7,0.6,0.65
0.85,0.75,0.6,0.675
0.78,0.65,0.65,0.65
0.8375,0.7,0.7,0.7
0.7725,0.75,0.65,0.7
0.8,0.5,0.75,0.625
0.8925,0.8,0.75,0.775
0.8725,0.8,0.75,0.775
0.81,0.7,0.65,0.675
0.88,0.8,0.65,0.725
0.8574999999999999,0.45,0.85,0.65
0.855,0.6,0.75,0.675
0.755,0.65,0.8,0.725
0.9525,0.75,0.9,0.825
0.765,0.65,0.7,0.675
0.8025,0.65,0.6,0.625
0.8425,0.85,0.7,0.775
0.6425000000000001,0.5,0.55,0.525
0.75,0.65,0.6,0.625
0.8575,0.6,0.7,0.65
0.7875,0.6,0.7,0.65
0.7450000000000001,0.8,0.55,0.675
0.8225,0.55,0.8,0.675
0.84,0.7,0.65,0.675
0.8899999999999999,0.55,0.85,0.7
0.7100000000000001,0.75,0.5,0.625
0.895,0.7,0.8,0.75
0.8525,0.7,0.8,0.75
0.8775000000000001,0.7,0.9,0.8
0.8949999999999999,0.75,0.8,0.775
0.7424999999999999,0.6,0.75,0.675
0.7925,0.7,0.65,0.675
0.8350000000000001,0.8,0.6,0.7
0.9075,0.85,0.7,0.775
0.7150000000000001,0.6,0.55,0.575
0.8150000000000001,0.5,0.75,0.625
0.935,0.8,0.9,0.85
0.7775,0.75,0.65,0.7
0.7975,0.55,0.65,0.6
0.7825,0.75,0.7,0.725
0.825,0.6,0.8,0.7
0.8625,0.65,0.8,0.725
0.7925,0.7,0.65,0.675
0.83,0.5,0.85,0.675
0.85,0.65,0.75,0.7
0.825,0.7,0.65,0.675
0.76,0.7,0.55,0.625
0.8825,0.8,0.7,0.75
0.8425,0.6,0.8,0.7
0.825,0.7,0.8,0.75
0.8200000000000001,0.65,0.65,0.65
0.705,0.55,0.55,0.55
0.8724999999999999,0.65,0.75,0.7
0.75,0.7,0.6,0.65
0.8625,0.55,0.85,0.7
0.7975,0.75,0.75,0.75
0.9075,0.85,0.6,0.725
0.7324999999999999,0.7,0.6,0.65
0.8400000000000001,0.8,0.65,0.725
0.845,0.7,0.75,0.725
0.73,0.55,0.7,0.625
0.8674999999999999,0.55,0.8,0.675
0.8950000000000001,0.9,0.6,0.75
0.86,0.65,0.75,0.7
0.8225,0.8,0.55,0.675
0.685,0.6,0.5,0.55
0.89,0.85,0.7,0.775
0.81,0.75,0.4,0.575
0.73,0.65,0.6,0.625
0.7925,0.75,0.6,0.675
0.7975,0.6,0.8,0.7
0.7675,0.6,0.6,0.6
0.8625,0.8,0.75,0.775
0.86,0.85,0.75,0.8
0.9225,0.7,0.85,0.775
0.7425,0.6,0.65,0.625
0.8375,0.7,0.75,0.725
0.765,0.65,0.6,0.625
0.77,0.7,0.55,0.625
0.8025,0.6,0.75,0.675
0.725,0.7,0.55,0.625
0.9450000000000001,0.9,0.75,0.825
0.9325,0.9,0.8,0.85
0.795,0.7,0.65,0.675
0.865,0.55,0.85,0.7
0.7525000000000001,0.7,0.65,0.675
0.865,0.75,0.8,0.775
0.7925,0.8,0.4,0.6
0.8475,0.85,0.6,0.725
0.79,0.65,0.7,0.675
0.945,0.65,0.9,0.775
0.9,0.85,0.7,0.775
0.8875,0.75,0.75,0.75
0.9225,0.8,0.85,0.825
0.8575,0.75,0.75,0.75
0.8474999999999999,0.7,0.75,0.725
0.715,0.6,0.55,0.575
0.8975,0.55,0.85,0.7
0.8625,0.7,0.8,0.75
0.8825000000000001,0.75,0.75,0.75
0.855,0.65,0.8,0.725
0.79,0.65,0.7,0.675
0.8724999999999999,0.85,0.75,0.8
0.8224999999999999,0.7,0.7,0.7
0.9375,0.8,0.8,0.8
0.7975000000000001,0.7,0.75,0.725
0.855,0.7,0.8,0.75
0.7949999999999999,0.6,0.55,0.575
0.7425,0.75,0.45,0.6
0.875,0.75,0.7,0.725
0.7825,0.6,0.7,0.65
0.8425,0.75,0.75,0.75
0.875,0.75,0.75,0.75
0.925,0.85,0.65,0.75
0.9450000000000001,0.9,0.85,0.875
0.87,0.7,0.7,0.7
0.865,0.8,0.65,0.725
0.8125,0.6,0.75,0.675
0.815,0.65,0.65,0.65
0.8674999999999999,0.8,0.7,0.75
0.805,0.7,0.6,0.65
0.7650000000000001,0.6,0.75,0.675
0.8999999999999999,0.85,0.85,0.85
0.6799999999999999,0.5,0.5,0.5
0.9,0.9,0.85,0.875
0.7675000000000001,0.65,0.7,0.675
0.7675000000000001,0.7,0.7,0.7
0.9525,0.85,0.85,0.85
0.7575,0.65,0.7,0.675
0.7525000000000001,0.5,0.7,0.6
0.74,0.65,0.7,0.675
0.7175,0.5,0.6,0.55
0.915,0.85,0.7,0.775
0.955,0.9,0.8,0.85
0.9199999999999999,0.75,0.85,0.8
0.8425,0.65,0.65,0.65
0.925,0.75,0.9,0.825
0.7625,0.7,0.6,0.65
0.8849999999999999,0.6,0.8,0.7
0.8025,0.9,0.5,0.7
0.8375,0.65,0.75,0.7
0.8675,0.75,0.7,0.725
0.8200000000000001,0.75,0.7,0.725
0.8899999999999999,0.75,0.75,0.75
0.805,0.65,0.65,0.65
0.9075,0.85,0.8,0.825
0.9025,0.65,0.8,0.725
0.7925000000000001,0.75,0.6,0.675
0.74,0.6,0.65,0.625
0.795,0.65,0.7,0.675
0.7425,0.65,0.55,0.6
0.8175,0.4,0.8,0.6
0.8,0.7,0.7,0.7
0.8425,0.65,0.7,0.675
0.8575,0.7,0.8,0.75
0.9,0.75,0.8,0.775
0.7825,0.7,0.7,0.7
0.8049999999999999,0.65,0.65,0.65
0.8025,0.7,0.7,0.7
0.7875,0.7,0.6,0.65
0.8625,0.65,0.75,0.7
0.8225,0.65,0.75,0.7
0.855,0.75,0.7,0.725
0.8049999999999999,0.75,0.75,0.75
0.6649999999999999,0.7,0.5,0.6
0.7975000000000001,0.7,0.7,0.7
0.79,0.7,0.65,0.675
0.7175,0.7,0.6,0.65
0.72,0.5,0.65,0.575
0.8300000000000001,0.7,0.75,0.725
0.795,0.75,0.6,0.675
0.8525,0.7,0.8,0.75
0.8625,0.75,0.7,0.725
0.6475,0.55,0.5,0.525
0.8625,0.85,0.55,0.7
0.925,0.8,0.8,0.8
0.7625,0.7,0.65,0.675
0.9249999999999999,0.8,0.85,0.825
0.7825,0.7,0.6,0.65
0.9125,0.75,0.85,0.8
0.7025,0.55,0.55,0.55
0.8725,0.85,0.7,0.775
0.9124999999999999,0.75,0.95,0.85
0.8325,0.65,0.85,0.75
0.7474999999999999,0.75,0.6,0.675
0.96,0.75,0.9,0.825
0.89,0.7,0.8,0.75
0.7125,0.5,0.55,0.525
0.8425,0.8,0.65,0.725
0.78,0.6,0.6,0.6
0.755,0.65,0.7,0.675
0.87,0.75,0.75,0.75
0.915,0.8,0.85,0.825
0.7750000000000001,0.6,0.7,0.65
0.78,0.65,0.7,0.675
0.745,0.65,0.55,0.6
0.8925,0.7,0.85,0.775
0.895,0.8,0.7,0.75
0.7875,0.45,0.7,0.575
0.795,0.75,0.6,0.675
0.77,0.65,0.55,0.6
0.835,0.55,0.8,0.675
0.7999999999999999,0.7,0.65,0.675
0.6975,0.55,0.55,0.55
0.8250000000000001,0.75,0.65,0.7
0.6649999999999999,0.6,0.55,0.575
0.7525,0.7,0.55,0.625
0.8075,0.7,0.7,0.7
0.8975,0.6,0.8,0.7
0.7175,0.65,0.55,0.6
0.8875,0.8,0.65,0.725
0.8425,0.65,0.75,0.7
0.8125,0.6,0.8,0.7
0.755,0.65,0.55,0.6
0.845,0.6,0.8,0.7
0.9575,0.8,0.9,0.85
0.8325,0.65,0.8,0.725
0.68,0.6,0.5,0.55
0.7825,0.7,0.65,0.675
0.8524999999999999,0.8,0.7,0.75
0.7275,0.75,0.55,0.65
0.81,0.65,0.65,0.65
0.8175,0.6,0.75,0.675
0.875,0.75,0.75,0.75
0.875,0.7,0.8,0.75
0.805,0.85,0.6,0.725
0.7250000000000001,0.75,0.5,0.625
0.8350000000000001,0.8,0.65,0.725
0.9325,0.8,0.8,0.8
0.7849999999999999,0.65,0.65,0.65
0.8325,0.85,0.55,0.7
0.8925,0.75,0.75,0.75
0.8275,0.65,0.6,0.625
0.9099999999999999,0.85,0.75,0.8
0.8049999999999999,0.55,0.7,0.625
0.9275,0.85,0.75,0.8
0.7975,0.65,0.65,0.65
0.83,0.65,0.7,0.675
0.78,0.65,0.55,0.6
0.8550000000000001,0.8,0.7,0.75
0.885,0.75,0.9,0.825
0.8300000000000001,0.7,0.7,0.7
0.8975,0.65,0.85,0.75
0.825,0.7,0.7,0.7
0.7975000000000001,0.65,0.65,0.65
0.795,0.9,0.5,0.7
0.825,0.6,0.7,0.65
0.7725,0.8,0.45,0.625
0.8025,0.6,0.8,0.7
0.8725,0.75,0.8,0.775
0.795,0.7,0.6,0.65
0.8700000000000001,0.7,0.75,0.725
0.8475,0.8,0.7,0.75
0.8875000000000001,0.8,0.7,0.75
0.9325,0.9,0.75,0.825
0.8075,0.6,0.65,0.625
0.81,0.5,0.75,0.625
0.8425,0.7,0.7,0.7
0.89,0.75,0.8,0.775
0.805,0.65,0.6,0.625
0.8225,0.65,0.7,0.675
0.8475,0.65,0.8,0.725
0.92,0.75,0.85,0.8
0.895,0.8,0.85,0.825
0.8049999999999999,0.65,0.65,0.65
0.665,0.4,0.6,0.5
0.815,0.6,0.65,0.625
0.8049999999999999,0.8,0.65,0.725
0.9125000000000001,0.85,0.75,0.8
0.8075000000000001,0.7,0.6,0.65
0.89,0.8,0.65,0.725
0.8425,0.65,0.75,0.7
0.9175,0.85,0.7,0.775
0.85,0.75,0.8,0.775
0.8725,0.65,0.85,0.75
0.8225,0.8,0.7,0.75
0.765,0.55,0.65,0.6
0.845,0.7,0.7,0.7
0.8574999999999999,0.75,0.75,0.75
0.97,0.9,0.95,0.925
0.78,0.65,0.7,0.675
0.8500000000000001,0.85,0.6,0.725
0.7625000000000001,0.6,0.6,0.6
0.8,0.7,0.75,0.725
0.865,0.75,0.65,0.7
0.89,0.75,0.85,0.8
0.8649999999999999,0.7,0.75,0.725
0.81,0.65,0.7,0.675
0.6675,0.35,0.65,0.5
0.8825,0.75,0.85,0.8
0.8775000000000001,0.7,0.8,0.75
0.88,0.65,0.85,0.75
0.865,0.75,0.8,0.775
0.835,0.75,0.65,0.7
0.6925,0.45,0.55,0.5
0.9175,0.8,0.8,0.8
0.8625,0.8,0.6,0.7
0.8225,0.7,0.75,0.725
0.8875000000000001,0.9,0.6,0.75
0.855,0.9,0.7,0.8
0.7575000000000001,0.6,0.65,0.625
0.79,0.7,0.5,0.6
0.7775,0.9,0.65,0.775
0.875,0.75,0.7,0.725
0.7124999999999999,0.65,0.5,0.575
0.7749999999999999,0.65,0.65,0.65
0.83,0.75,0.65,0.7
0.825,0.7,0.7,0.7
0.7274999999999999,0.6,0.6,0.6
0.8625,0.8,0.65,0.725
0.7525000000000001,0.55,0.6,0.575
0.8550000000000001,0.65,0.8,0.725
0.855,0.65,0.7,0.675
0.885,0.8,0.85,0.825
0.7425,0.55,0.6,0.575
0.8075,0.65,0.7,0.675
0.755,0.65,0.6,0.625
0.9275,0.8,0.85,0.825
0.8225,0.75,0.65,0.7
0.71,0.65,0.5,0.575
0.8474999999999999,0.6,0.75,0.675
0.8675,0.8,0.7,0.75
0.88,0.75,0.8,0.775
0.8275,0.7,0.6,0.65
0.745,0.8,0.45,0.625
0.92,0.75,0.8,0.775
0.8875000000000001,0.75,0.8,0.775
0.9275,0.9,0.75,0.825
0.74,0.6,0.5,0.55
0.9725,0.75,0.95,0.85
0.8125,0.8,0.55,0.675
0.8425,0.8,0.75,0.775
0.8075,0.8,0.65,0.725
0.885,0.8,0.75,0.775
0.8324999999999999,0.7,0.7,0.7
0.85,0.8,0.75,0.775
0.8674999999999999,0.65,0.75,0.7
0.8099999999999999,0.5,0.8,0.65
0.89,0.85,0.6,0.725
0.7925,0.6,0.7,0.65
0.77,0.7,0.65,0.675
0.8375,0.6,0.8,0.7
0.9475,0.8,0.95,0.875
0.8125,0.75,0.6,0.675
0.825,0.75,0.7,0.725
0.88,0.8,0.7,0.75
0.8775,0.75,0.8,0.775
0.8150000000000001,0.55,0.75,0.65
0.8275,0.9,0.55,0.725
0.8275,0.6,0.75,0.675
0.8275000000000001,0.55,0.7,0.625
0.8225,0.5,0.8,0.65
0.7849999999999999,0.75,0.5,0.625
0.8999999999999999,0.85,0.75,0.8
0.74,0.65,0.55,0.6
0.9025000000000001,0.75,0.9,0.825
0.9349999999999999,0.8,0.85,0.825
0.8174999999999999,0.7,0.7,0.7
0.845,0.7,0.65,0.675
0.8250000000000001,0.7,0.65,0.675
0.7725,0.75,0.65,0.7
0.855,0.75,0.75,0.75
0.7875,0.75,0.65,0.7
0.8274999999999999,0.65,0.7,0.675
0.8225,0.6,0.85,0.725
0.8725,0.8,0.75,0.775
0.7925,0.55,0.65,0.6
0.715,0.65,0.5,0.575
0.8175,0.6,0.7,0.65
0.9175,0.75,0.75,0.75
0.755,0.5,0.7,0.6
0.7250000000000001,0.65,0.55,0.6
0.89,0.7,0.9,0.8
0.8775000000000001,0.8,0.8,0.8
0.8975,0.85,0.65,0.75
0.7949999999999999,0.6,0.75,0.675
0.97,1.0,0.75,0.875
0.9225000000000001,0.7,0.9,0.8
0.9274999999999999,0.8,0.8,0.8
0.8175000000000001,0.8,0.7,0.75
0.7625,0.75,0.6,0.675
0.805,0.7,0.7,0.7
0.875,0.7,0.75,0.725
0.7075,0.7,0.5,0.6
0.9175,0.75,0.75,0.75
0.875,0.75,0.75,0.75
0.9099999999999999,0.8,0.75,0.775
0.8425,0.75,0.75,0.75
0.8150000000000001,0.8,0.55,0.675
0.76,0.65,0.6,0.625
0.8425,0.7,0.75,0.725
0.7825,0.65,0.65,0.65
0.855,0.6,0.8,0.7
0.8125,0.6,0.8,0.7
0.7925,0.6,0.75,0.675
0.9175,0.8,0.8,0.8
0.6975,0.75,0.5,0.625
0.835,0.75,0.55,0.65
0.8175,0.7,0.65,0.675
0.8275,0.6,0.75,0.675
0.825,0.7,0.7,0.7
0.825,0.75,0.65,0.7
0.8375,0.7,0.7,0.7
0.8300000000000001,0.55,0.75,0.65
0.8775,0.75,0.75,0.75
0.7100000000000001,0.75,0.45,0.6
0.9249999999999999,0.8,0.85,0.825
0.89,0.8,0.8,0.8
0.76,0.5,0.65,0.575
0.8375,0.7,0.7,0.7
0.955,0.9,0.75,0.825
0.6775,0.55,0.55,0.55
0.7975,0.5,0.75,0.625
0.845,0.55,0.75,0.65
0.8725,0.5,0.85,0.675
0.7949999999999999,0.7,0.6,0.65
0.89,0.8,0.7,0.75
0.83,0.7,0.75,0.725
0.96,0.6,0.95,0.775
0.815,0.7,0.7,0.7
0.8424999999999999,0.75,0.75,0.75
0.7975000000000001,0.75,0.45,0.6
0.8875,0.75,0.9,0.825
0.7,0.6,0.6,0.6
0.93,0.65,0.85,0.75
0.8175000000000001,0.75,0.7,0.725
0.7675000000000001,0.6,0.7,0.65
0.8474999999999999,0.65,0.7,0.675
0.8825000000000001,0.85,0.5,0.675
0.865,0.75,0.65,0.7
0.75,0.65,0.65,0.65
0.9299999999999999,0.7,0.85,0.775
0.8525,0.8,0.65,0.725
0.8900000000000001,0.8,0.75,0.775
0.9475,0.85,0.85,0.85
0.8150000000000001,0.75,0.6,0.675
0.9500000000000001,0.8,0.85,0.825
0.8374999999999999,0.8,0.75,0.775
0.815,0.75,0.75,0.75
0.7475,0.75,0.65,0.7
0.7949999999999999,0.8,0.6,0.7
0.83,0.65,0.8,0.725
0.8049999999999999,0.6,0.65,0.625
0.8925,0.8,0.8,0.8
0.8725,0.75,0.6,0.675
0.85,0.75,0.65,0.7
0.9149999999999999,0.75,0.8,0.775
0.7475,0.65,0.55,0.6
0.725,0.65,0.6,0.625
0.7899999999999999,0.65,0.65,0.65
0.9025,0.7,0.85,0.775
0.7050000000000001,0.55,0.7,0.625
0.8875,0.7,0.85,0.775
0.8775000000000001,0.75,0.75,0.75
0.7725,0.6,0.6,0.6
0.8825,0.75,0.75,0.75
0.8125,0.75,0.5,0.625
0.87,0.85,0.65,0.75
0.8200000000000001,0.7,0.65,0.675
0.8075,0.75,0.7,0.725
0.8325,0.75,0.7,0.725
0.805,0.75,0.55,0.65
0.8099999999999999,0.75,0.65,0.7
0.81,0.65,0.7,0.675
0.8975000000000001,0.85,0.65,0.75
0.87,0.85,0.7,0.775
0.81,0.7,0.7,0.7
0.7925,0.6,0.6,0.6
0.78,0.75,0.65,0.7
0.915,0.7,0.85,0.775
0.8575,0.65,0.75,0.7
0.8325,0.75,0.65,0.7
0.8775,0.8,0.7,0.75
0.8,0.7,0.7,0.7
0.745,0.65,0.6,0.625
0.7925,0.7,0.7,0.7
0.7425,0.6,0.65,0.625
0.9325,0.8,0.9,0.85
0.765,0.5,0.8,0.65
0.9325,0.8,0.8,0.8
0.7775,0.6,0.5,0.55
0.855,0.8,0.65,0.725
0.825,0.65,0.65,0.65
0.8575,0.7,0.85,0.775
0.825,0.85,0.6,0.725
0.855,0.7,0.7,0.7
0.745,0.65,0.6,0.625
0.7975,0.5,0.7,0.6
0.7225,0.75,0.55,0.65
0.795,0.8,0.5,0.65
0.9149999999999999,0.75,0.9,0.825
0.9099999999999999,0.9,0.75,0.825
0.8025000000000001,0.7,0.65,0.675
0.885,0.85,0.7,0.775
0.7375,0.6,0.65,0.625
0.8975000000000001,0.75,0.8,0.775
0.8274999999999999,0.65,0.8,0.725
0.7625,0.55,0.65,0.6
0.8775,0.7,0.8,0.75
0.8474999999999999,0.85,0.6,0.725
0.8175,0.7,0.75,0.725
0.8575,0.75,0.7,0.725
0.8,0.65,0.65,0.65
0.875,0.55,0.85,0.7
0.9025,0.75,0.85,0.8
0.8474999999999999,0.75,0.75,0.75
0.7974999999999999,0.7,0.7,0.7
0.8174999999999999,0.7,0.5,0.6
0.8425,0.8,0.7,0.75
0.6825,0.7,0.45,0.575
0.82,0.7,0.7,0.7
0.8125,0.55,0.65,0.6
0.795,0.75,0.6,0.675
0.8,0.75,0.7,0.725
0.9,0.7,0.8,0.75
0.9025,0.85,0.75,0.8
0.775,0.65,0.55,0.6
0.8524999999999999,0.7,0.7,0.7
0.8125,0.7,0.7,0.7
0.86,0.75,0.7,0.725
0.87,0.75,0.7,0.725
0.75,0.55,0.65,0.6
0.8199999999999998,0.75,0.7,0.725
0.815,0.7,0.75,0.725
0.845,0.65,0.8,0.725
0.7949999999999999,0.7,0.6,0.65
0.7875,0.6,0.65,0.625
0.8150000000000001,0.6,0.8,0.7
0.8250000000000001,0.7,0.8,0.75
0.8075,0.75,0.6,0.675
0.7725,0.65,0.65,0.65
0.74,0.6,0.65,0.625
0.85,0.7,0.7,0.7
0.6475,0.55,0.6,0.575
0.9475,0.75,0.85,0.8
0.95,0.8,0.95,0.875
0.84,0.8,0.65,0.725
0.8274999999999999,0.75,0.7,0.725
0.7975000000000001,0.75,0.7,0.725
0.825,0.7,0.75,0.725
0.77,0.75,0.65,0.7
0.87,0.75,0.75,0.75
0.8875,0.65,0.85,0.75
0.9199999999999999,0.7,0.85,0.775
0.885,0.8,0.9,0.85
0.955,0.75,0.9,0.825
0.8325,0.7,0.8,0.75
0.865,0.75,0.75,0.75
0.8524999999999999,0.6,0.8,0.7
0.8525,0.7,0.7,0.7
0.7899999999999999,0.55,0.65,0.6
0.8200000000000001,0.65,0.65,0.65
0.8,0.8,0.65,0.725
0.835,0.5,0.8,0.65
0.8175,0.7,0.65,0.675
0.81,0.45,0.8,0.625
0.7925,0.6,0.7,0.65
0.8225,0.8,0.75,0.775
0.7575,0.65,0.65,0.65
0.965,0.95,0.9,0.925
0.75,0.6,0.5,0.55
0.86,0.8,0.55,0.675
0.79,0.6,0.7,0.65
0.865,0.65,0.9,0.775
0.7649999999999999,0.75,0.6,0.675
0.7875,0.75,0.55,0.65
0.8825000000000001,0.65,0.8,0.725
0.8,0.55,0.8,0.675
0.865,0.7,0.8,0.75
0.8625,0.7,0.7,0.7
0.785,0.55,0.7,0.625
0.86,0.7,0.8,0.75
0.8825000000000001,0.7,0.75,0.725
0.7499999999999999,0.75,0.6,0.675
0.8575,0.65,0.8,0.725
0.8375,0.85,0.75,0.8
0.8600000000000001,0.75,0.8,0.775
0.8600000000000001,0.65,0.7,0.675
0.7725000000000001,0.85,0.65,0.75
0.8425,0.7,0.85,0.775
0.8575,0.75,0.7,0.725
0.8049999999999999,0.75,0.6,0.675
0.725,0.65,0.55,0.6
0.835,0.7,0.7,0.7
0.9474999999999999,0.75,0.85,0.8
0.8225,0.7,0.7,0.7
0.735,0.6,0.55,0.575
0.89,0.75,0.8,0.775
0.83,0.7,0.65,0.675
0.815,0.7,0.7,0.7
0.88,0.95,0.65,0.8
0.89,0.7,0.85,0.775
0.8724999999999999,0.65,0.85,0.75
0.865,0.7,0.75,0.725
0.835,0.7,0.65,0.675
0.87,0.75,0.75,0.75
0.8325,0.75,0.75,0.75
0.9225,0.9,0.75,0.825
0.825,0.5,0.8,0.65
0.8275,0.55,0.7,0.625
0.8849999999999999,0.55,0.9,0.725
0.8674999999999999,0.6,0.75,0.675
0.855,0.8,0.7,0.75
0.7775,0.7,0.5,0.6
0.8825000000000001,0.7,0.8,0.75
0.825,0.65,0.7,0.675
0.9075,0.7,0.9,0.8
0.845,0.75,0.65,0.7
0.855,0.7,0.9,0.8
0.9175,0.7,0.9,0.8
0.845,0.9,0.55,0.725
0.93,0.7,0.95,0.825
0.855,0.65,0.75,0.7
0.8325000000000001,0.6,0.85,0.725
0.885,0.8,0.7,0.75
0.855,0.55,0.8,0.675
0.9025,0.65,0.8,0.725
0.8250000000000001,0.7,0.7,0.7
0.8799999999999999,0.75,0.75,0.75
0.8025,0.55,0.8,0.675
0.8775,0.8,0.65,0.725
0.8,0.75,0.7,0.725
0.78,0.65,0.6,0.625
0.8375,0.8,0.65,0.725
0.8825000000000001,0.8,0.7,0.75
0.8075,0.7,0.7,0.7
0.9075,0.6,0.9,0.75
0.8125,0.6,0.75,0.675
0.8925,0.7,0.8,0.75
0.775,0.8,0.5,0.65
0.7575000000000001,0.5,0.6,0.55
0.7025,0.55,0.6,0.575
0.8175,0.75,0.6,0.675
0.77,0.55,0.7,0.625
0.9,0.8,0.7,0.75
0.8325,0.7,0.75,0.725
0.88,0.8,0.65,0.725
0.9049999999999999,0.75,0.8,0.775
0.9299999999999999,0.75,0.85,0.8
0.86,0.45,0.85,0.65
0.905,0.8,0.8,0.8
0.7575000000000001,0.65,0.55,0.6
0.85,0.75,0.7,0.725
0.7925,0.65,0.7,0.675
0.7174999999999999,0.6,0.65,0.625
0.8125,0.8,0.65,0.725
0.765,0.85,0.45,0.65
0.7825,0.65,0.6,0.625
0.745,0.6,0.6,0.6
0.795,0.6,0.75,0.675
0.8225,0.75,0.65,0.7
0.835,0.65,0.7,0.675
0.8475,0.75,0.7,0.725
0.8775,0.55,0.8,0.675
0.78,0.75,0.65,0.7
0.7325,0.45,0.65,0.55
0.9025,0.85,0.8,0.825
0.865,0.75,0.75,0.75
0.7725,0.6,0.65,0.625
0.8674999999999999,0.65,0.75,0.7
0.7625000000000001,0.55,0.65,0.6
0.91,0.9,0.7,0.8
0.8225,0.7,0.65,0.675
0.8650000000000001,0.6,0.85,0.725
0.965,0.95,0.9,0.925
0.755,0.7,0.55,0.625
0.7475,0.65,0.6,0.625
0.91,0.75,0.8,0.775
0.86,0.6,0.85,0.725
0.7849999999999999,0.5,0.75,0.625
0.865,0.8,0.65,0.725
0.7975,0.6,0.7,0.65
0.845,0.85,0.65,0.75
0.8,0.7,0.5,0.6
0.9125000000000001,0.75,0.8,0.775
0.9,0.7,0.8,0.75
0.7575000000000001,0.8,0.6,0.7
0.7525,0.45,0.7,0.575
0.9275,0.9,0.85,0.875
0.76,0.7,0.55,0.625
0.8225,0.75,0.6,0.675
0.73,0.65,0.7,0.675
0.8474999999999999,0.85,0.6,0.725
0.8274999999999999,0.75,0.6,0.675
0.845,0.75,0.75,0.75
0.7625,0.75,0.55,0.65
0.8250000000000001,0.6,0.7,0.65
0.8200000000000001,0.7,0.7,0.7
0.7975,0.55,0.75,0.65
0.885,0.7,0.8,0.75
0.7675000000000001,0.6,0.75,0.675
0.9000000000000001,0.9,0.55,0.725
0.8400000000000001,0.7,0.8,0.75
0.9349999999999999,0.85,0.75,0.8
0.89,0.75,0.8,0.775
0.8075,0.6,0.7,0.65
0.885,0.85,0.75,0.8
0.7975,0.5,0.8,0.65
0.9349999999999999,0.7,0.9,0.8
0.7925,0.7,0.65,0.675
0.9175,0.85,0.85,0.85
0.8325,0.75,0.7,0.725
0.845,0.55,0.75,0.65
0.745,0.6,0.65,0.625
0.7975,0.75,0.55,0.65
0.8350000000000001,0.85,0.55,0.7
0.875,0.8,0.75,0.775
0.7525,0.55,0.7,0.625
0.705,0.55,0.5,0.525
0.88,0.6,0.8,0.7
0.79,0.75,0.6,0.675
0.9125,0.6,0.9,0.75
0.855,0.5,0.85,0.675
0.8724999999999999,0.95,0.75,0.85
0.8475,0.8,0.6,0.7
0.9624999999999999,0.85,0.8,0.825
0.895,0.65,0.85,0.75
0.7575000000000001,0.65,0.6,0.625
0.8425,0.7,0.7,0.7
0.7675,0.55,0.7,0.625
0.9049999999999999,0.75,0.85,0.8
0.9025000000000001,0.85,0.7,0.775
0.715,0.7,0.6,0.65
0.7899999999999999,0.6,0.6,0.6
0.81,0.6,0.75,0.675
0.8374999999999999,0.85,0.65,0.75
0.82,0.75,0.7,0.725
0.7275,0.55,0.65,0.6
0.86,0.65,0.75,0.7
0.8475,0.75,0.7,0.725
0.86,0.65,0.85,0.75
0.9225,0.9,0.75,0.825
0.7225,0.6,0.6,0.6
0.77,0.5,0.65,0.575
0.9025000000000001,0.7,0.75,0.725
0.7875,0.6,0.7,0.65
0.93,0.7,0.9,0.8
0.855,0.8,0.7,0.75
0.74,0.75,0.6,0.675
0.9149999999999999,0.85,0.75,0.8
0.8375,0.55,0.75,0.65
0.7949999999999999,0.7,0.7,0.7
0.645,0.6,0.45,0.525
0.8450000000000001,0.85,0.7,0.775
0.7575000000000001,0.65,0.65,0.65
0.8200000000000001,0.6,0.75,0.675
0.9,0.75,0.7,0.725
0.785,0.7,0.55,0.625
0.88,0.85,0.65,0.75
0.8825000000000001,0.85,0.7,0.775
0.7725,0.65,0.65,0.65
0.9025000000000001,0.9,0.7,0.8
0.765,0.65,0.6,0.625
0.8474999999999999,0.75,0.7,0.725
0.8475,0.75,0.6,0.675
0.775,0.65,0.7,0.675
0.735,0.7,0.65,0.675
0.8825000000000001,0.7,0.8,0.75
0.8550000000000001,0.75,0.75,0.75
0.905,0.5,0.95,0.725
0.8875,0.75,0.85,0.8
0.89,0.75,0.8,0.775
0.9650000000000001,0.85,0.9,0.875
0.9049999999999999,0.75,0.75,0.75
0.8400000000000001,0.7,0.7,0.7
0.8175,0.8,0.65,0.725
0.8975,0.85,0.75,0.8
0.9050000000000001,0.75,0.8,0.775
0.7625,0.75,0.65,0.7
0.9725,1.0,0.85,0.925
0.8674999999999999,0.75,0.65,0.7
0.8075,0.7,0.55,0.625
0.9299999999999999,0.85,0.75,0.8
0.8025,0.6,0.65,0.625
0.875,0.8,0.7,0.75
0.855,0.75,0.75,0.75
0.7675000000000001,0.65,0.55,0.6
0.8574999999999999,0.65,0.8,0.725
0.8575,0.85,0.75,0.8
0.6725,0.5,0.6,0.55
0.7825,0.65,0.75,0.7
0.8775000000000001,0.7,0.85,0.775
0.6900000000000001,0.55,0.45,0.5
0.785,0.75,0.65,0.7
0.77,0.7,0.45,0.575
0.8474999999999999,0.75,0.7,0.725
0.93,0.85,0.8,0.825
0.75,0.7,0.6,0.65
0.8550000000000001,0.6,0.8,0.7
0.8374999999999999,0.75,0.65,0.7
0.6849999999999999,0.55,0.55,0.55
0.8274999999999999,0.7,0.65,0.675
0.885,0.75,0.8,0.775
0.9149999999999999,0.65,0.9,0.775
0.9024999999999999,0.7,0.8,0.75
0.7525000000000001,0.5,0.7,0.6
0.7825,0.55,0.7,0.625
0.78,0.75,0.4,0.575
0.795,0.5,0.65,0.575
0.8674999999999999,0.8,0.7,0.75
0.9500000000000001,0.8,0.85,0.825
0.8125,0.65,0.7,0.675
0.8875000000000001,0.75,0.75,0.75
0.8675,0.6,0.85,0.725
0.9075000000000001,0.65,0.85,0.75
0.8625,0.75,0.65,0.7
0.77,0.65,0.7,0.675
0.8674999999999999,0.6,0.85,0.725
0.7949999999999999,0.7,0.6,0.65
0.91,0.8,0.8,0.8
0.86,0.7,0.75,0.725
0.8949999999999999,0.8,0.75,0.775
0.77,0.55,0.65,0.6
0.795,0.75,0.6,0.675
0.75,0.75,0.6,0.675
0.8,0.7,0.6,0.65
0.9225000000000001,0.7,0.85,0.775
0.8175,0.85,0.6,0.725
0.7875000000000001,0.55,0.65,0.6
0.845,0.7,0.6,0.65
0.775,0.6,0.55,0.575
0.61,0.4,0.6,0.5
0.8524999999999999,0.7,0.75,0.725
0.8274999999999999,0.7,0.7,0.7
0.7450000000000001,0.55,0.65,0.6
0.8225,0.6,0.65,0.625
0.69,0.5,0.65,0.575
0.8624999999999999,0.7,0.65,0.675
0.915,0.75,0.85,0.8
0.8775,0.75,0.75,0.75
0.6975,0.55,0.55,0.55
0.8475,0.8,0.75,0.775
0.6675,0.55,0.7,0.625
0.795,0.7,0.7,0.7
0.8375,0.55,0.85,0.7
0.7625000000000001,0.75,0.5,0.625
0.835,0.7,0.65,0.675
0.855,0.6,0.85,0.725
0.8,0.7,0.65,0.675
0.7875000000000001,0.7,0.7,0.7
0.865,0.8,0.6,0.7
0.8,0.55,0.8,0.675
0.8524999999999999,0.7,0.8,0.75
0.8225,0.7,0.65,0.675
0.8825000000000001,0.75,0.7,0.725
0.735,0.6,0.55,0.575
0.845,0.65,0.8,0.725
0.76,0.6,0.65,0.625
0.8200000000000001,0.7,0.7,0.7
0.7875000000000001,0.65,0.65,0.65
0.865,0.55,0.85,0.7
0.8250000000000001,0.75,0.7,0.725
0.78,0.55,0.7,0.625
0.7475,0.55,0.7,0.625
0.83,0.6,0.75,0.675
0.8550000000000001,0.75,0.75,0.75
0.9175,0.65,0.9,0.775
0.8099999999999999,0.65,0.7,0.675
0.8225,0.75,0.7,0.725
0.86,0.75,0.75,0.75
0.7025,0.65,0.55,0.6
0.825,0.65,0.75,0.7
0.7749999999999999,0.7,0.65,0.675
0.8849999999999999,0.8,0.7,0.75
0.815,0.8,0.65,0.725
0.7,0.8,0.4,0.6
0.8250000000000001,0.65,0.65,0.65
0.8075,0.75,0.7,0.725
0.8775000000000001,0.6,0.85,0.725
0.8474999999999999,0.7,0.75,0.725
0.895,0.7,0.9,0.8
0.885,0.65,0.85,0.75
0.8275,0.6,0.65,0.625
0.865,0.8,0.65,0.725
0.8374999999999999,0.7,0.7,0.7
0.8500000000000001,0.6,0.8,0.7
0.8,0.6,0.75,0.675
0.8825,0.75,0.75,0.75
0.8975,0.75,0.65,0.7
0.875,0.7,0.75,0.725
0.7875,0.75,0.55,0.65
0.86,0.85,0.5,0.675
0.8075,0.6,0.8,0.7
0.66,0.55,0.5,0.525
0.8825000000000001,0.55,0.85,0.7
0.735,0.55,0.65,0.6
0.87,0.85,0.65,0.75
0.77,0.7,0.7,0.7
0.755,0.65,0.55,0.6
0.9,0.5,0.9,0.7
0.9025,0.85,0.75,0.8
0.875,0.75,0.7,0.725
0.8574999999999999,0.75,0.75,0.75
0.8525,0.8,0.75,0.775
0.88,0.8,0.7,0.75
0.815,0.6,0.75,0.675
0.7775000000000001,0.55,0.65,0.6
0.905,0.75,0.7,0.725
0.745,0.65,0.6,0.625
0.8425,0.7,0.7,0.7
0.79,0.75,0.6,0.675
0.8775,0.8,0.6,0.7
0.91,0.8,0.85,0.825
0.8674999999999999,0.7,0.8,0.75
0.76,0.75,0.5,0.625
0.8875000000000001,0.75,0.8,0.775
0.86,0.6,0.9,0.75
0.7424999999999999,0.7,0.5,0.6
0.8125,0.7,0.75,0.725
0.7725,0.7,0.65,0.675
0.86,0.55,0.85,0.7
0.73,0.75,0.5,0.625
0.9075,0.8,0.8,0.8
0.9349999999999999,0.85,0.8,0.825
0.8325,0.75,0.75,0.75
0.92,0.85,0.7,0.775
0.9349999999999999,0.75,0.85,0.8
0.835,0.8,0.85,0.825
0.8250000000000001,0.6,0.7,0.65
0.885,0.7,0.75,0.725
0.8375,0.7,0.7,0.7
0.695,0.5,0.6,0.55
0.94,0.75,0.9,0.825
0.88,0.85,0.75,0.8
0.85,0.75,0.65,0.7
0.7775,0.65,0.55,0.6
0.9199999999999999,0.8,0.85,0.825
0.8925,0.75,0.8,0.775
0.7949999999999999,0.65,0.6,0.625
0.8375,0.7,0.6,0.65
0.8675,0.85,0.8,0.825
0.775,0.6,0.65,0.625
0.81,0.55,0.8,0.675
0.85,0.8,0.75,0.775
0.8999999999999999,0.7,0.85,0.775
0.8825000000000001,0.85,0.7,0.775
0.8375,0.8,0.65,0.725
0.88,0.8,0.75,0.775
0.8325,0.65,0.75,0.7
0.8274999999999999,0.7,0.65,0.675
0.805,0.7,0.6,0.65
0.8275,0.6,0.8,0.7
0.7899999999999999,0.6,0.8,0.7
0.815,0.55,0.8,0.675
0.7725,0.7,0.6,0.65
0.8350000000000001,0.75,0.75,0.75
0.8825,0.8,0.85,0.825
0.8775000000000001,0.8,0.75,0.775
0.7325,0.65,0.4,0.525
0.89,0.75,0.75,0.75
0.8875,0.8,0.75,0.775
0.8325,0.7,0.7,0.7
0.8150000000000001,0.65,0.65,0.65
0.8724999999999999,0.75,0.75,0.75
0.8525,0.7,0.7,0.7
0.875,0.85,0.7,0.775
0.7424999999999999,0.65,0.7,0.675
0.8625,0.9,0.65,0.775
0.8975,0.85,0.8,0.825
0.78,0.65,0.55,0.6
0.915,0.75,0.85,0.8
0.8275,0.8,0.7,0.75
0.85,0.65,0.7,0.675
0.8825000000000001,0.75,0.75,0.75
0.63,0.45,0.6,0.525
0.735,0.75,0.55,0.65
0.8125,0.65,0.8,0.725
0.8374999999999999,0.7,0.75,0.725
0.7725000000000001,0.65,0.65,0.65
0.885,0.65,0.8,0.725
0.9225,0.7,0.9,0.8
0.8075,0.65,0.7,0.675
0.7825,0.8,0.7,0.75
0.75,0.7,0.55,0.625
0.8875,0.9,0.75,0.825
0.8125,0.7,0.7,0.7
0.885,0.9,0.7,0.8
0.8425,0.65,0.8,0.725
0.87,0.6,0.8,0.7
0.9375000000000001,0.75,0.9,0.825
0.84,0.75,0.7,0.725
0.8624999999999999,0.75,0.75,0.75
0.91,0.7,0.8,0.75
0.8175,0.75,0.65,0.7
0.815,0.8,0.65,0.725
0.9225,0.75,0.9,0.825
0.8724999999999999,0.85,0.75,0.8
0.82,0.7,0.65,0.675
0.8975000000000001,0.7,0.85,0.775
0.7775,0.6,0.65,0.625
0.8925,0.75,0.8,0.775
0.8749999999999999,0.75,0.75,0.75
0.8724999999999999,0.8,0.55,0.675
0.8225,0.75,0.65,0.7
0.6875,0.6,0.55,0.575
0.87,0.75,0.65,0.7
0.935,0.85,0.85,0.85
0.8325,0.7,0.75,0.725
0.8899999999999999,0.85,0.8,0.825
0.865,0.7,0.8,0.75
0.8125,0.7,0.6,0.65
0.8675,0.65,0.75,0.7
0.755,0.6,0.65,0.625
0.8999999999999999,0.8,0.75,0.775
0.8125,0.65,0.65,0.65
0.81,0.6,0.65,0.625
0.7899999999999999,0.6,0.7,0.65
0.9425,0.75,0.95,0.85
0.9175000000000001,0.75,0.85,0.8
0.8175,0.75,0.6,0.675
0.8500000000000001,0.65,0.75,0.7
0.8275,0.75,0.75,0.75
0.81,0.75,0.65,0.7
0.7825,0.6,0.6,0.6
0.8825000000000001,0.75,0.75,0.75
0.845,0.65,0.75,0.7
0.8049999999999999,0.8,0.65,0.725
0.655,0.5,0.55,0.525
0.845,0.8,0.6,0.7
0.9275,0.75,0.8,0.775
0.76,0.7,0.45,0.575
0.89,0.75,0.75,0.75
0.89,0.8,0.7,0.75
0.81,0.7,0.65,0.675
0.8650000000000001,0.7,0.8,0.75
0.825,0.75,0.65,0.7
0.85,0.75,0.7,0.725
0.6325,0.45,0.55,0.5
0.8025000000000001,0.65,0.65,0.65
0.95,0.8,0.9,0.85
