id,excel_row,label,RFI,outer_fold,prob,threshold_from_training,pred
1,2,0,0.6363,1,0.6139551221602323,0.5117162432514422,1
2,3,0,0.2048,5,0.36867887916088277,0.49744072022097857,0
3,4,0,-0.4485,4,0.09215716315135666,0.5794427575011502,0
4,5,0,1.0857,1,0.8255933021270072,0.5117162432514422,1
5,6,0,-0.0065,3,0.2266209915738056,0.42261733296712733,0
6,7,0,-0.4163,2,0.10309219834073473,0.4890621309874814,0
7,8,0,-2.3239,3,0.0028955642468256374,0.42261733296712733,0
8,9,0,0.551,1,0.5638828333685217,0.5117162432514422,1
9,10,0,-0.9248,5,0.06534296459089121,0.49744072022097857,0
10,11,0,-0.5628,5,0.12128765996603816,0.49744072022097857,0
11,12,0,1.0876,4,0.7500356700384903,0.5794427575011502,1
12,13,0,-0.2009,1,0.1725002662788059,0.5117162432514422,0
13,14,0,0.8491,3,0.6168262036838014,0.42261733296712733,1
14,15,0,0.9806,5,0.7150266106782733,0.49744072022097857,1
15,16,0,0.2901,2,0.3347725111498586,0.4890621309874814,0
16,17,0,-0.6881,4,0.056477321709696444,0.5794427575011502,0
17,18,0,0.1272,2,0.2636268413578166,0.4890621309874814,0
18,19,0,-1.1626,3,0.02848702190822369,0.42261733296712733,0
19,20,0,0.3953,4,0.3947489061401187,0.5794427575011502,0
20,21,0,-1.7361,2,0.007230243119450441,0.4890621309874814,0
21,22,1,2.4462,5,0.9752518680472748,0.49744072022097857,1
22,23,1,1.4898,5,0.8672392363495032,0.49744072022097857,1
23,24,1,1.244,4,0.8090101250133742,0.5794427575011502,1
24,25,1,-0.05,2,0.19819413447808476,0.4890621309874814,0
25,26,1,1.1562,2,0.7546945556683737,0.4890621309874814,1
26,27,1,0.1921,4,0.2941414686596939,0.5794427575011502,0
27,28,1,0.7537,4,0.5896962899570096,0.5794427575011502,1
28,29,1,2.3799,2,0.975441190268263,0.4890621309874814,1
29,30,1,1.8954,1,0.9712499682607444,0.5117162432514422,1
30,31,1,0.5567,2,0.46770007850985107,0.4890621309874814,0
31,32,1,2.5191,1,0.9935277281428139,0.5117162432514422,1
32,33,1,0.7534,3,0.5709063406452354,0.42261733296712733,1
33,34,1,0.5746,4,0.49197036350052537,0.5794427575011502,0
34,35,1,0.3727,3,0.3840333371571104,0.42261733296712733,0
35,36,1,0.9184,5,0.6906251150196854,0.49744072022097857,1
36,37,1,1.2894,3,0.7945840619311925,0.42261733296712733,1
37,38,1,1.4551,5,0.8595504368563212,0.49744072022097857,1
38,39,1,0.8062,3,0.5964464484388686,0.42261733296712733,1
39,40,1,1.9135,1,0.9724515967336079,0.5117162432514422,1
40,41,1,0.1195,1,0.312090666631112,0.5117162432514422,0
