id,excel_row,inner_fold,label,inner_oof_prob
2,3,5,0,0.4105786821977965
3,4,3,0,0.045095164910538804
5,6,4,0,0.2589120606907822
6,7,2,0,0.14368376335167585
7,8,4,0,0.002405682106362503
9,10,1,0,0.02375063726932434
10,11,3,0,0.03139924470602065
11,12,3,0,0.8811555660395111
13,14,5,0,0.7695554910653525
14,15,1,0,0.8109863242426547
15,16,5,0,0.4615595236263043
16,17,4,0,0.07480284706912194
17,18,2,0,0.3380766525978487
18,19,1,0,0.012596518988158174
19,20,1,0,0.4669315724403506
20,21,2,0,0.011116779022267938
21,22,4,1,0.9854393579973562
22,23,5,1,0.9407226982969906
23,24,5,1,0.8971977317945405
24,25,3,1,0.14916989161479305
25,26,2,1,0.8077767378300825
26,27,1,1,0.3353493133116869
27,28,3,1,0.7118420635335606
28,29,2,1,0.9809583350178998
30,31,2,1,0.551760448837288
32,33,2,1,0.6480889332702348
33,34,4,1,0.5488678384668295
34,35,5,1,0.5117162432514422
35,36,1,1,0.7837371407408513
36,37,1,1,0.9084390777120185
37,38,3,1,0.9613238681008319
38,39,4,1,0.6667195081937288
