id,excel_row,label,RFI
1,2,0,0.6363
2,3,0,0.2048
3,4,0,-0.4485
4,5,0,1.0857
5,6,0,-0.0065
6,7,0,-0.4163
7,8,0,-2.3239
8,9,0,0.551
9,10,0,-0.9248
10,11,0,-0.5628
11,12,0,1.0876
12,13,0,-0.2009
13,14,0,0.8491
14,15,0,0.9806
15,16,0,0.2901
16,17,0,-0.6881
17,18,0,0.1272
18,19,0,-1.1626
19,20,0,0.3953
20,21,0,-1.7361
21,22,1,2.4462
22,23,1,1.4898
23,24,1,1.244
24,25,1,-0.05
25,26,1,1.1562
26,27,1,0.1921
27,28,1,0.7537
28,29,1,2.3799
29,30,1,1.8954
30,31,1,0.5567
31,32,1,2.5191
32,33,1,0.7534
33,34,1,0.5746
34,35,1,0.3727
35,36,1,0.9184
36,37,1,1.2894
37,38,1,1.4551
38,39,1,0.8062
39,40,1,1.9135
40,41,1,0.1195
